{
	"id": "9daa1777-4e1d-4880-b621-15d516febd9a",
	"name": "MServer",
	"description": "",
	"order": [
		"67f5c542-03bf-84d7-b55f-816fa8020dca",
		"285c470f-a24d-7954-3166-32e0efcf3075",
		"28b82d9c-b1b2-4243-173b-ec8dd8f8107a",
		"4304f439-7220-e160-b3f5-e6883a26f31b",
		"94bcdec6-297e-7990-a84a-f98227fcea86",
		"255f563b-7d84-ee9c-1152-945efbbd6e82",
		"a7468ae8-93f3-1bb8-f7fc-d931a801db44",
		"0f5d9524-19dd-64ed-c2b5-4dcf3e88405e",
		"1202d23b-bc88-3deb-190b-4ddedafe029c",
		"bab9d0ed-e99f-1445-d59d-502edafc184c"
	],
	"folders": [],
	"timestamp": 1477019686061,
	"owner": "314056",
	"public": false,
	"requests": [
		{
			"id": "0f5d9524-19dd-64ed-c2b5-4dcf3e88405e",
			"headers": "",
			"url": "http://{{HOST}}/stop-server?serverid=gb28181",
			"preRequestScript": null,
			"pathVariables": {},
			"method": "GET",
			"data": null,
			"dataMode": "params",
			"tests": null,
			"currentHelper": "normal",
			"helperAttributes": {},
			"time": 1482731205505,
			"name": "StopServer",
			"description": "",
			"collectionId": "9daa1777-4e1d-4880-b621-15d516febd9a",
			"responses": []
		},
		{
			"id": "1202d23b-bc88-3deb-190b-4ddedafe029c",
			"headers": "",
			"url": "http://{{HOST}}/config",
			"preRequestScript": null,
			"pathVariables": {},
			"method": "GET",
			"data": null,
			"dataMode": "params",
			"version": 2,
			"tests": null,
			"currentHelper": "normal",
			"helperAttributes": {},
			"time": 1490247080572,
			"name": "Config",
			"description": "",
			"collectionId": "9daa1777-4e1d-4880-b621-15d516febd9a",
			"responses": []
		},
		{
			"id": "255f563b-7d84-ee9c-1152-945efbbd6e82",
			"headers": "",
			"url": "http://{{HOST}}/version",
			"preRequestScript": null,
			"pathVariables": {},
			"method": "GET",
			"data": null,
			"dataMode": "params",
			"version": 2,
			"tests": null,
			"currentHelper": "normal",
			"helperAttributes": {},
			"time": 1482731191801,
			"name": "Version",
			"description": "",
			"collectionId": "9daa1777-4e1d-4880-b621-15d516febd9a",
			"responses": []
		},
		{
			"id": "285c470f-a24d-7954-3166-32e0efcf3075",
			"headers": "",
			"url": "http://{{HOST}}/add-input?stream_id=test0&stream_type=live&uri=udp://127.0.0.1:9001",
			"preRequestScript": null,
			"pathVariables": {},
			"method": "GET",
			"data": null,
			"dataMode": "params",
			"tests": null,
			"currentHelper": "normal",
			"helperAttributes": {},
			"time": 1491018854850,
			"name": "AddInput",
			"description": "",
			"collectionId": "9daa1777-4e1d-4880-b621-15d516febd9a",
			"responses": []
		},
		{
			"id": "28b82d9c-b1b2-4243-173b-ec8dd8f8107a",
			"headers": "",
			"url": "http://{{HOST}}/remove-input?stream_id=test0&stream_type=live",
			"preRequestScript": null,
			"pathVariables": {},
			"method": "GET",
			"data": null,
			"dataMode": "params",
			"tests": null,
			"currentHelper": "normal",
			"helperAttributes": {},
			"time": 1491020326186,
			"name": "RemoveInput",
			"description": "",
			"collectionId": "9daa1777-4e1d-4880-b621-15d516febd9a",
			"responses": []
		},
		{
			"id": "4304f439-7220-e160-b3f5-e6883a26f31b",
			"headers": "Content-Type: application/json\n",
			"url": "http://{{HOST}}/add-output?stream_id=test0&stream_type=live&protocol=rtsp",
			"preRequestScript": null,
			"pathVariables": {},
			"method": "GET",
			"data": [],
			"dataMode": "raw",
			"tests": null,
			"currentHelper": "normal",
			"helperAttributes": {},
			"time": 1491023496710,
			"name": "AddOutput",
			"description": "",
			"collectionId": "9daa1777-4e1d-4880-b621-15d516febd9a",
			"responses": [],
			"rawModeData": "{\n\t\"ID\": \"34020000001320000001\",\n    \"Name\": \"firtst channel\",\n    \"Manufacturer\": \"DEEPGLINT\",\n    \"Model\": \"IP Camera\",\n    \"Owner\": \"Owner\",\n    \"CivilCode\": \"CivilCode\",\n    \"Address\": \"Address\",\n    \"Parental\": 0,\n    \"SafetyWay\": 0,\n    \"RegisterWay\": 1,\n    \"ISecrecyP\": 0,\n    \"Status\": \"ON\",\n    \"LiveStreamID\":\"Test\"\n}"
		},
		{
			"id": "67f5c542-03bf-84d7-b55f-816fa8020dca",
			"headers": "",
			"url": "http://{{HOST}}/status",
			"preRequestScript": null,
			"pathVariables": {},
			"method": "GET",
			"data": null,
			"dataMode": "params",
			"version": 2,
			"tests": null,
			"currentHelper": "normal",
			"helperAttributes": {},
			"time": 1489715943374,
			"name": "Status",
			"description": "",
			"collectionId": "9daa1777-4e1d-4880-b621-15d516febd9a",
			"responses": []
		},
		{
			"id": "94bcdec6-297e-7990-a84a-f98227fcea86",
			"headers": "",
			"url": "http://{{HOST}}/remove-output?stream_id=test0&stream_type=live&protocol=rtsp",
			"preRequestScript": null,
			"pathVariables": {},
			"method": "GET",
			"data": null,
			"dataMode": "params",
			"version": 2,
			"tests": null,
			"currentHelper": "normal",
			"helperAttributes": {},
			"time": 1491024125645,
			"name": "RemoveOutput",
			"description": "",
			"collectionId": "9daa1777-4e1d-4880-b621-15d516febd9a",
			"responses": []
		},
		{
			"id": "a7468ae8-93f3-1bb8-f7fc-d931a801db44",
			"headers": "Content-Type: application/json\n",
			"url": "http://{{HOST}}/start-server?serverid=gb28181&port=5060",
			"preRequestScript": null,
			"pathVariables": {},
			"method": "POST",
			"data": [],
			"dataMode": "raw",
			"tests": null,
			"currentHelper": "normal",
			"helperAttributes": {},
			"time": 1482731199032,
			"name": "StartServer",
			"description": "",
			"collectionId": "9daa1777-4e1d-4880-b621-15d516febd9a",
			"responses": [],
			"rawModeData": "{\n        \"Interval\": 4,\n        \"DeviceID\": \"34020000001180000001\",\n        \"DeviceAreaID\": \"3402000000\",\n        \"ServerID\": \"34010000002000000001\",\n        \"ServerAreaID\": \"3401000000\",\n        \"ServerHost\": \"192.168.5.154\",\n        \"ServerPort\": 5060,\n        \"ServerPassword\": \"12345678\"\n}"
		},
		{
			"id": "bab9d0ed-e99f-1445-d59d-502edafc184c",
			"headers": "",
			"url": "http://{{HOST}}/ping",
			"pathVariables": {},
			"preRequestScript": null,
			"method": "GET",
			"collectionId": "9daa1777-4e1d-4880-b621-15d516febd9a",
			"data": null,
			"dataMode": "params",
			"name": "Ping",
			"description": "",
			"descriptionFormat": "html",
			"time": 1490247098171,
			"version": 2,
			"responses": [],
			"tests": null,
			"currentHelper": "normal",
			"helperAttributes": {}
		}
	]
}