{
	"RTSPServer": {
		"Enable": true,
		"Port": 8554,
		"Param": null
	},
	"HTTPAPIServer": {
		"Enable": true,
		"Port": 8080,
		"Param": null
	},
	"RTMPServer": {
		"Enable": false,
		"Port": 1935,
		"Param": null
	},
	"GB28181Server": {
		"Enable": false,
		"Port": 5060,
		"Param": null
	},
	"LiveInputs": {
		"test0": {
			"StreamId": "test0",
			"Uri": "rtsp://admin:admin123@192.168.19.1/ch1/h264/av_stream",
			"Outputs": {
				"rtsp": {
					"Protocol": "rtsp",
					"Enable": true,
					"Param": null
				}
			}
		}
	}
}