{
	"RTSPServer": {
		"Enable": true,
		"Port": 8554,
		"Param": null
	},
	"HTTPAPIServer": {
		"Enable": true,
		"Port": 8080,
		"Param": null
	},
	"RTMPServer": {
		"Enable": false,
		"Port": 1935,
		"Param": null
	},
	"GB28181Server": {
		"Enable": false,
		"Port": 5060,
		"Param": null
	},
	"LiveInputs": {
		"21115": {
			"StreamId": "21115",
			"Uri": "gb28181://192.168.1.238:5065:15010000004000000003:123456@192.168.6.141:5060:11000000002000000001/34020000001320000001",
			"Outputs": {
				"rtsp": {
					"Protocol": "rtsp",
					"Enable": true,
					"Param": null
				}
			}
		},
		"21116": {
			"StreamId": "21116",
			"Uri": "gb28181://192.168.1.238:5065:15010000004000000003:123456@192.168.6.141:5060:11000000002000000001/34020000001320000009",
			"Outputs": {
				"rtsp": {
					"Protocol": "rtsp",
					"Enable": true,
					"Param": null
				}
			}
		}
	}
}